{"cameraMode":{"drawMode":0,"name":"Shaded","section":"Shading Mode"},"sceneLighting":true,"audioPlay":false,"sceneViewState":{"showFog":false,"showMaterialUpdate":false,"showSkybox":false,"showFlares":false,"showImageEffects":false,"showParticleSystems":false},"in2DMode":false,"pivot":{"x":-1.5095113515853882,"y":-1.9780791997909547,"z":4.657680988311768},"rotation":{"x":-0.1423245668411255,"y":0.00207518064416945,"z":-0.00030007355962879956,"w":-0.989820122718811},"size":7.460231781005859,"orthographic":false}