{"cameraMode":{"drawMode":0,"name":"Shaded","section":"Shading Mode"},"sceneLighting":true,"audioPlay":false,"sceneViewState":{"showFog":false,"showMaterialUpdate":false,"showSkybox":false,"showFlares":false,"showImageEffects":false,"showParticleSystems":false},"in2DMode":false,"pivot":{"x":-0.7715838551521301,"y":-3.4479455947875978,"z":5.575490951538086},"rotation":{"x":-0.1319199502468109,"y":0.00802576169371605,"z":-0.0010698270052671433,"w":-0.9912309646606445},"size":7.460231781005859,"orthographic":false}