{"cameraMode":{"drawMode":0,"name":"Shaded","section":"Shading Mode"},"sceneLighting":true,"audioPlay":false,"sceneViewState":{"showFog":false,"showMaterialUpdate":false,"showSkybox":false,"showFlares":false,"showImageEffects":false,"showParticleSystems":false},"in2DMode":false,"pivot":{"x":-7.845147609710693,"y":-59.59699630737305,"z":145.6045379638672},"rotation":{"x":-0.18810980021953584,"y":0.027100104838609697,"z":-0.005195228382945061,"w":-0.9817642569541931},"size":82.11426544189453,"orthographic":false}