{"cameraMode":{"drawMode":0,"name":"Shaded","section":"Shading Mode"},"sceneLighting":true,"audioPlay":false,"sceneViewState":{"showFog":false,"showMaterialUpdate":false,"showSkybox":false,"showFlares":false,"showImageEffects":false,"showParticleSystems":false},"in2DMode":false,"pivot":{"x":-0.22686739265918733,"y":-7.586028575897217,"z":12.140127182006836},"rotation":{"x":-0.1452924758195877,"y":-0.003861456410959363,"z":0.0005653432453982532,"w":-0.9893845915794373},"size":11.585512161254883,"orthographic":false}