{"cameraMode":{"drawMode":0,"name":"Shaded","section":"Shading Mode"},"sceneLighting":true,"audioPlay":false,"sceneViewState":{"showFog":false,"showMaterialUpdate":false,"showSkybox":false,"showFlares":false,"showImageEffects":false,"showParticleSystems":false},"in2DMode":false,"pivot":{"x":-15.219010353088379,"y":-19.139875411987306,"z":156.71347045898438},"rotation":{"x":-0.05273320898413658,"y":0.04402104765176773,"z":-0.0023274796549230816,"w":-0.9976341724395752},"size":82.11426544189453,"orthographic":false}