{"cameraMode":{"drawMode":0,"name":"Shaded","section":"Shading Mode"},"sceneLighting":true,"audioPlay":false,"sceneViewState":{"showFog":false,"showMaterialUpdate":false,"showSkybox":false,"showFlares":false,"showImageEffects":false,"showParticleSystems":false},"in2DMode":false,"pivot":{"x":3.6726059913635256,"y":-2.3387234210968019,"z":0.34791573882102969},"rotation":{"x":-0.42941316962242129,"y":-0.04007973521947861,"z":0.019078347831964494,"w":-0.9020227789878845},"size":7.460231781005859,"orthographic":false}