{"cameraMode":{"drawMode":0,"name":"Shaded","section":"Shading Mode"},"sceneLighting":true,"audioPlay":false,"sceneViewState":{"showFog":false,"showMaterialUpdate":false,"showSkybox":false,"showFlares":false,"showImageEffects":false,"showParticleSystems":false},"in2DMode":false,"pivot":{"x":-1.1385551691055298,"y":-23.598560333251954,"z":126.20249938964844},"rotation":{"x":-0.09167979657649994,"y":0.0005947494646534324,"z":-0.000054680687753716484,"w":-0.9957841038703919},"size":72.24877166748047,"orthographic":false}