{"cameraMode":{"drawMode":0,"name":"Shaded","section":"Shading Mode"},"sceneLighting":true,"audioPlay":false,"sceneViewState":{"showFog":false,"showMaterialUpdate":false,"showSkybox":false,"showFlares":false,"showImageEffects":false,"showParticleSystems":false},"in2DMode":false,"pivot":{"x":-0.7280722856521606,"y":-3.534282684326172,"z":5.552454471588135},"rotation":{"x":-0.13489454984664918,"y":0.006536262109875679,"z":-0.0008915590005926788,"w":-0.9908416867256165},"size":7.460231781005859,"orthographic":false}