{"cameraMode":{"drawMode":0,"name":"Shaded","section":"Shading Mode"},"sceneLighting":true,"audioPlay":false,"sceneViewState":{"showFog":false,"showMaterialUpdate":false,"showSkybox":false,"showFlares":false,"showImageEffects":false,"showParticleSystems":false},"in2DMode":false,"pivot":{"x":-0.1689084768295288,"y":-3.010946273803711,"z":4.366933822631836},"rotation":{"x":-0.13935302197933198,"y":0.005046769045293331,"z":-0.0007118639769032598,"w":-0.9902316927909851},"size":7.460231781005859,"orthographic":false}