{"cameraMode":{"drawMode":0,"name":"Shaded","section":"Shading Mode"},"sceneLighting":true,"audioPlay":false,"sceneViewState":{"showFog":false,"showMaterialUpdate":false,"showSkybox":false,"showFlares":false,"showImageEffects":false,"showParticleSystems":false},"in2DMode":false,"pivot":{"x":-2.4700987339019777,"y":0.2413134127855301,"z":128.58624267578126},"rotation":{"x":0.0071905688382685188,"y":0.00809693057090044,"z":0.00005830013469676487,"w":-0.9999372363090515},"size":68.85785675048828,"orthographic":false}